15654,N과 M (5),backtracking,baekjoon\backtracking\15654.py,2020/09/29
15666,N과 M (12),backtracking,baekjoon\backtracking\15666.py,2020/10/08
15657,N과 M (8),backtracking,baekjoon\backtracking\15657.py,2020/10/08
15663,N과 M (9),backtracking,baekjoon\backtracking\15663.py,2020/10/08
1759,암호 만들기,backtracking,baekjoon/backtracking/1759.py,2020/12/16
14502,연구소,bfs,baekjoon\bfs\14502.py,2020/09/22
11725,트리의 부모 찾기,bfs,baekjoon\bfs\11725.py,2020/09/22
13549,숨바꼭질 3,bfs,baekjoon\bfs\13549.py,2020/10/01
13459,구슬 탈출,bfs,baekjoon\bfs\13459.py,2020/11/05
13460,구슬 탈출 2,bfs,baekjoon\bfs\13460.py,2020/11/05
2805,나무 자르기,binary_search,baekjoon\binary_search\2805.py,2020/10/14
1920,수 찾기,binary_search,baekjoon\binary_search\1920.py,2020/10/14
1654,랜선 자르기,binary_search,baekjoon\binary_search\1654.py,2020/10/29
11723,집합,bit_masking,baekjoon\bit_masking\11723.py,2020/09/25
18119,단어 암기,bit_masking,baekjoon\bit_masking\18119.py,2020/10/13
1167,트리의 지름,dfs,baekjoon\dfs\1167.py,2020/09/22
1987,알파벳,dfs,baekjoon\dfs\1987.py,2020/10/16
9466,텀 프로젝트,dfs,baekjoon/dfs/9466.py,2020/12/21
1074,Z,divide_conquer,baekjoon\divide_conquer\1074.py,2020/09/24
1992,쿼드트리,divide_conquer,baekjoon\divide_conquer\1992.py,2020/09/24
2630,색종이 만들기,divide_conquer,baekjoon\divide_conquer\2630.py,2020/09/25
9251,LCS,dynamic_programming,baekjoon\dynamic_programming\9251.py,2020/09/29
1932,정수 삼각형,dynamic_programming,baekjoon\dynamic_programming\1932.py,2020/09/29
12865,평범한 배낭,dynamic_programming,baekjoon\dynamic_programming\12865.py,2020/09/29
2407,조합,dynamic_programming,baekjoon\dynamic_programming\2407.py,2020/10/06
2096,내려가기,dynamic_programming,baekjoon\dynamic_programming\2096.py,2020/10/07
17070,파이프 옮기기 1,dynamic_programming,baekjoon\dynamic_programming\17070.py,2020/10/08
2839,설탕 배달,dynamic_programming,baekjoon\dynamic_programming\2839.py,2020/10/14
9625,BABBA,dynamic_programming,baekjoon\dynamic_programming\9625.py,2020/11/11
14501,퇴사,dynamic_programming,baekjoon\dynamic_programming\14501.py,2020/11/11
2748,피보나치 수 2,dynamic_programming,baekjoon\dynamic_programming\2748.py,2020/11/11
1865,웜홀,graph,baekjoon\graph\1865.py,2020/09/21
1753,최단경로,graph,baekjoon\graph\1753.py,2020/09/21
1916,최소비용 구하기,graph,baekjoon\graph\1916.py,2020/09/21
1504,특정한 최단 경로,graph,baekjoon\graph\1504.py,2020/09/21
1238,파티,graph,baekjoon\graph\1238.py,2020/09/21
11404,플로이드,graph,baekjoon\graph\11404.py,2020/09/21
11779,최소비용 구하기 2,graph,baekjoon\graph\11779.py,2020/09/22
11403,경로 찾기,graph,baekjoon\graph\11403.py,2020/09/24
11724,연결 요소의 개수,graph,baekjoon\graph\11724.py,2020/09/24
10026,적록색약,graph,baekjoon\graph\10026.py,2020/09/24
1389,케빈 베이컨의 6단계 법칙,graph,baekjoon\graph\1389.py,2020/09/25
9205,맥주 마시면서 걸어가기,graph,baekjoon\graph\9205.py,2020/09/28
9019,DSLR,graph,baekjoon\graph\9019.py,2020/09/29
1967,트리의 지름,graph,baekjoon\graph\1967.py,2020/09/30
12851,숨바꼭질 2,graph,baekjoon\graph\12851.py,2020/10/10
2638,치즈,graph,baekjoon\graph\2638.py,2020/10/10
16953,A → B,graph,baekjoon\graph\16953.py,2020/10/13
14938,서강그라운드,graph,baekjoon\graph\14938.py,2020/10/13
2252,줄 세우기,graph,baekjoon\graph\2252.py,2020/12/10
1197,최소 스패닝 트리,graph,baekjoon\graph\1197.py,2020/12/10
15686,치킨 배달,implementation,baekjoon\implementation\15686.py,2020/09/24
14500,테트로미노,implementation,baekjoon\implementation\14500.py,2020/09/24
16236,아기 상어,implementation,baekjoon\implementation\16236.py,2020/09/25
5430,AC,implementation,baekjoon\implementation\5430.py,2020/09/28
17144,미세먼지 안녕!,implementation,baekjoon\implementation\17144.py,2020/10/08
1043,거짓말,implementation,baekjoon\implementation\1043.py,2020/10/13
10773,제로,implementation,baekjoon\implementation\10773.py,2020/10/29
2108,통계학,implementation,baekjoon\implementation\2108.py,2020/11/02
14503,로봇 청소기,implementation,baekjoon/implementation/14503.py,2020/12/16
14499,주사위 굴리기,implementation,baekjoon/implementation/14499.py,2020/12/16
1016,제곱 ㄴㄴ 수,math,baekjoon\math\1016.py,2020/10/08
10830,행렬 제곱,math,baekjoon\math\10830.py,2020/10/12
1929,소수 구하기,math,baekjoon\math\1929.py,2020/10/14
1978,소수 찾기,math,baekjoon\math\1978.py,2020/10/14
1085,직사각형에서 탈출,math,baekjoon\math\1085.py,2020/10/14
2609,최대공약수와 최소공배수,math,baekjoon\math\2609.py,2020/10/14
11050,이항 계수 1,math,baekjoon\math\11050.py,2020/10/29
4153,직각삼각형,math,baekjoon\math\4153.py,2020/10/29
2475,검증수,misc,baekjoon\misc\2475.py,2020/09/24
2884,알람 시계,misc,baekjoon\misc\2884.py,2020/09/24
1676,팩토리얼 0의 개수,misc,baekjoon\misc\1676.py,2020/09/24
1620,나는야 포켓몬 마스터 이다솜,misc,baekjoon\misc\1620.py,2020/09/26
18870,좌표 압축,misc,baekjoon\misc\18870.py,2020/09/26
9375,패션왕 신해빈,misc,baekjoon\misc\9375.py,2020/09/28
1629,곱셈,misc,baekjoon\misc\1629.py,2020/09/29
10866,덱,misc,baekjoon\misc\10866.py,2020/10/14
10845,큐,misc,baekjoon\misc\10845.py,2020/10/14
11866,요세푸스 문제 0,misc,baekjoon\misc\11866.py,2020/10/29
2164,카드2,misc,baekjoon\misc\2164.py,2020/10/29
11659,구간 합 구하기 4,prefix_sum,baekjoon\prefix_sum\11659.py,2020/09/30
11660,구간 합 구하기 5,prefix_sum,baekjoon\prefix_sum\11660.py,2020/09/30
1764,듣보잡,sort,baekjoon\sort\1764.py,2020/09/25
10814,나이순 정렬,sort,baekjoon\sort\10814.py,2020/10/14
1181,단어 정렬,sort,baekjoon\sort\1181.py,2020/10/14
10989,수 정렬하기 3,sort,baekjoon\sort\10989.py,2020/10/14
11650,좌표 정렬하기,sort,baekjoon\sort\11650.py,2020/10/14
11651,좌표 정렬하기 2,sort,baekjoon\sort\11651.py,2020/10/14
1918,후위 표기식,stack,baekjoon\stack\1918.py,2020/10/01
1874,스택 수열,stack,baekjoon\stack\1874.py,2020/10/14
1786,찾기,string,baekjoon\string\1786.py,2020/10/06
9935,문자열 폭발,string,baekjoon\string\9935.py,2020/10/09
1991,트리 순회,tree,baekjoon\tree\1991.py,2020/09/22
2263,트리의 순회,tree,baekjoon\tree\2263.py,2020/10/06
5639,이진 검색 트리,tree,baekjoon\tree\5639.py,2020/10/09
